rizz,Slang Words
finesse,Slang Words
zesty,Slang Words
swag,Slang Words
gang,Slang Words
gucci,Slang Words
illest,Slang Words
thicc,Slang Words
drip,Slang Words
yeet,Slang Words
extra,Slang Words
salty,Slang Words
basic,Slang Words
lit,Slang Words
goat,Slang Words
flex,Slang Words
ghost,Slang Words
sus,Slang Words
cap,Slang Words
bet,Slang Words
fam,Slang Words
vibe,Slang Words
chill,Slang Words
woke,Slang Words
slay,Slang Words
fire,Slang Words
cringe,Slang Words
snack,Slang Words
simp,Slang Words
stan,Slang Words
tea,Slang Words
shade,Slang Words
clout,Slang Words
savage,Slang Words
bougie,Slang Words
petty,Slang Words
thirsty,Slang Words
hype,Slang Words
dope,Slang Words
gassed,Slang Words
broke,Slang Words
wavy,Slang Words
grimy,Slang Words
icy,Slang Words
peak,Slang Words
mid,Slang Words
rad,Slang Words
zen,Slang Words
nasty,Slang Words
yikes,Slang Words
ate,Slang Words
edgy,Slang Words
yolo,Slang Words
opp,Slang Words
plug,Slang Words
glow,Slang Words
whip,Slang Words
posh,Slang Words
hangry,Slang Words
janky,Slang Words
noob,Slang Words
based,Slang Words
dank,Slang Words
kicks,Slang Words
sauce,Slang Words
lowkey,Slang Words
yeeted,Slang Words
dripped,Slang Words
deadass,Slang Words
skibidi,Slang Words
rizzler,Slang Words
gyat,Slang Words
tweaking,Slang Words
zaddy,Slang Words
yassify,Slang Words
gaslight,Slang Words
aura,Slang Words
aight,Slang Words
boujee,Slang Words
epic,Slang Words
crusty,Slang Words
snatched,Slang Words
delulu,Slang Words
unbothered,Slang Words
demure,Slang Words
awkward,Slang Words
drama,Slang Words
amped,Slang Words
nerdy,Slang Words
yassed,Slang Words
dweeb,Slang Words
banger,Slang Words
retro,Slang Words
oomf,Slang Words
finna,Slang Words
adorbs,Slang Words
sketchy,Slang Words
xoxo,Slang Words
oomph,Slang Words
homie,Slang Words
queen,Slang Words
quirky,Slang Words
undercooked,Slang Words
downbad,Slang Words
dweeby,Slang Words
yikers,Slang Words
squad,Slang Words
dime,Slang Words
egirl,Slang Words
mood,Slang Words
kewl,Slang Words
lame,Slang Words
esketit,Slang Words
tight,Slang Words
turnt,Slang Words
dead,Slang Words
yappin,Slang Words
zonked,Slang Words
zooted,Slang Words
wig,Slang Words
woozy,Slang Words
glowup,Slang Words
hater,Slang Words
icky,Slang Words
juiced,Slang Words
keen,Slang Words
litty,Slang Words
mad,Slang Words
nerdcore,Slang Words
outta,Slang Words
posted,Slang Words
raging,Slang Words
random,Slang Words
raw,Slang Words
rowdy,Slang Words
salt,Slang Words
scrub,Slang Words
shady,Slang Words
sheesh,Slang Words
shook,Slang Words
side-eye,Slang Words
slaps,Slang Words
slick,Slang Words
snitch,Slang Words
spicy,Slang Words
stacked,Slang Words
stale,Slang Words
stoked,Slang Words
sugar,Slang Words
swole,Slang Words
tacky,Slang Words
tender,Slang Words
toxic,Slang Words
trash,Slang Words
trippy,Slang Words
turnup,Slang Words
unfazed,Slang Words
vain,Slang Words
valid,Slang Words
vibes,Slang Words
viral,Slang Words
vixen,Slang Words
warped,Slang Words
weak,Slang Words
weird,Slang Words
wild,Slang Words
yappy,Slang Words
zappy,Slang Words
kirk, Slang Words
tung tung tung sahur, Slang Words
blessed, Slang Words
ahlie, Slang Words
mandem, Slang Words
tweaker, Slang Words
tweaking, Slang Words
tripping, Slang Words
trippin, Slang Words
cooked, Slang Words
cracked, Slang Words
mod, Slang Words
brainrot, Slang Words
joybait, Slang Words
ragebait, Slang Words
inter, Slang Words
feeder, Slang Words
mogged, Slang Words
mogging, Slang Words
abg, Slang Words
abb, Slang Words
milf, Slang Words
dilf, Slang Words
babygirl, Slang Words
mommy, Slang Words
baddie, Slang Words
chopped, Slang Words
aura, Slang Words
farming, Slang Words
based, Slang Words
bomboclatt, Slang Words
bloodclatt, Slang Words
pussyclatt, Slang Words
buns, Slang Words
memes, Slang Words
chat, Slang Words
chud, Slang Words
chuzz, Slang Words
huzz, Slang Words
clanker, Slang Words
computa, Slang Words
copium, Slang Words
crashout, Slang Words




